GREENMAX EMERGENCY R,LCP-A,7,31EHCA-3a,2700 ELEVATOR LOBBY,,F01,0,,
GREENMAX INPUT,LCP-B,1,,2700 ELEVATOR LOBBY,,,0,,
GREENMAX RELAY,LCP-B,33,27HBS-8a,2700 ELEVATOR LOBBY,,F01,0,,
GREENMAX RELAY,LCP-B,34,27HBS-8a,2700 ELEVATOR LOBBY,,L05,0,,
RDGSW-4C,,,,2700 ELEVATOR LOBBY,,,31,,b
RDGSW-4C,,,,2700 ELEVATOR LOBBY,,,32,,a
GREENMAX EMERGENCY R,LCP-A,6,31EHCA-3,2701 CORRIDOR,,L01,0,,
GREENMAX INPUT,LCP-A,4,,2701 CORRIDOR,,,0,,
GREENMAX RELAY,LCP-A,44,27HAS-4,2701 CORRIDOR,,L01,0,,
RDGSW-4C,,,,2701 CORRIDOR,,,1,,a
RDGSW-4C,,,,2701 CORRIDOR,,,11,,a
GREENMAX EMERGENCY R,LCP-B,1,27EHBS-3,2704 CORRIDORS,,L01,0,,
GREENMAX RELAY,LCP-B,35,27HBS-8,2704 CORRIDORS,,L01,0,,
RDGSW-4C,,,,2704 RATED CORRIDOR,,,33,,a
GREENMAX EMERGENCY R,LCP-C,6,31EHCS-6,2705 IDF,,F06,0,,
GREENMAX INPUT,RLVP-1,3,,2705 IDF,,,0,,
GREENMAX RELAY,LCP-C,36,27HCS-7,2705 IDF,,F06,0,,
RDGSW-4C,,,,2705 IDF,,,25,,a
GREENMAX EMERGENCY R,LCP-C,7,31EHCS-6,2706 MOTHERS ROOM,,F03,0,,
GREENMAX INPUT,RLVP-1,4,,2706 MOTHERS ROOM,,,0,,
GREENMAX RELAY,LCP-C,37,27HCS-7,2706 MOTHERS ROOM,,F03,0,,
RDGSW-4C,,,,2706 MOTHERS ROOM,,,26,,a
GREENMAX EMERGENCY R,LCP-C,8,31EHCS-6,2707 ALL GENDER SHOWER,,F03,0,,
GREENMAX INPUT,RLVP-1,5,,2707 ALL GENDER SHOWER,,,0,,
GREENMAX RELAY,LCP-C,38,27HCS-7,2707 ALL GENDER SHOWER,,F03,0,,
RDGSW-4C,,,,2707 ALL GENDER SHOWER,,,27,,a
RDGSW-4C,,,,2708 BOOKS,,,30,,a
GREENMAX EMERGENCY R,LCP-B,2,31EHBS-4,2708 MINUTE BOOKS,,F06,0,,
GREENMAX INPUT,LCP-B,3,,2708 MINUTE BOOKS,,,0,,
GREENMAX RELAY,LCP-B,37,27HBS-8,2708 MINUTE BOOKS,,F06,0,,
GREENMAX EMERGENCY R,LCP-C,3,27EHCS-6,2708 SUPPORT,,F06,0,,
GREENMAX INPUT,LCP-C,3,,2708 SUPPORT,,,0,,
GREENMAX RELAY,LCP-C,32,27HCS-9,2708 SUPPORT,,F06,0,,
RDGSW-4C,,,,2708 SUPPORT,,,12,,a
GREENMAX EMERGENCY R,LCP-A,8,31EHCA-3a,2710 CONFERENCE,,L01,0,,
GREENMAX INPUT,LCP-A,6,,2710 CONFERENCE,,,0,,
GREENMAX RELAY,LCP-A,46,27HAS-4a,2710 CONFERENCE,,L01,0,,
GREENMAX RELAY,LCP-A,47,27HAS-4b,2710 CONFERENCE,,F08,0,,
GREENMAX RELAY,LCP-A,48,27HAS-4c,2710 CONFERENCE,,L05,0,,
RDGSW-4C,,,,2710 CONFERENCE,,,2,,c
RDGSW-4C,,,,2710 CONFERENCE,,,3,,b
RDGSW-4C,,,,2710 CONFERENCE,,,4,,a
GREENMAX EMERGENCY R,LCP-A,2,31EHCA-3,2712 CORRIDOR,,FIXT,0,,
GREENMAX RELAY,LCP-A,38,27HAS-4a,2712 CORRIDOR,,L01,0,,
GREENMAX RELAY,LCP-A,45,27HAS-2c,2716  FILE/COPY,,F06,0,,
GREENMAX EMERGENCY R,LCP-A,3,31EHCA-3b,2716 FILE/COPY,,F03,0,,
GREENMAX EMERGENCY R,LCP-A,4,31EHCA-3c,2716 FILE/COPY,,F06,0,,
GREENMAX INPUT,LCP-A,1,,2716 FILE/COPY,,,0,,
RDGSW-4C,,,,2716 FILE/COPY,,,6,,c
RDGSW-4C,,,,2717 PRINTERS/TOUCHDOWN,,,5,,d
GREENMAX EMERGENCY R,LCP-A,1,31EHCA-3a,2724 CORRIDOR,,L01,0,,
GREENMAX RELAY,LCP-A,37,27HAS-2a,2724 CORRIDOR,,L01,0,,
GREENMAX INPUT,LCP-A,2,,2725 PARALEGAL,,,0,,
GREENMAX RELAY,LCP-A,41,27HAS-2,2725 PARALEGAL,,L01,0,,
GREENMAX INPUT,LCP-A,3,,2726 PARALEGAL,,,0,,
GREENMAX RELAY,LCP-A,42,27HAS-2,2726 PARALEGAL,,L01,0,,
RDGSW-4C,,,,2726 PARALEGAL,,,9,,a
RDGSW-4C,,,,2726 PARALEGAL,,,10,,a
GREENMAX EMERGENCY R,LCP-A,5,31EHCA-3b,2729 CORRIDOR,,F03,0,,
GREENMAX RELAY,LCP-A,43,27HAS-2b,2729 CORRIDOR,,F03,0,,
GREENMAX EMERGENCY R,LCP-C,2,27EHCS-6,2733 WORD PROCESSING,,L01,0,,
GREENMAX INPUT,LCP-C,2,,2733 WORD PROCESSING,,,0,,
GREENMAX RELAY,LCP-C,31,27HCS-9,2733 WORD PROCESSING,,L01,0,,
RDGSW-4C,,,,2733 WORD PROCESSING,,,14,,a
GREENMAX INPUT,LCP-C,4,,2734 WP OFFICE,,,0,,
GREENMAX RELAY,LCP-C,33,27HCS-9,2734 WP OFFICE,,L01,0,,
RDGSW-4C,,,,2734 WP OFFICE,,,15,,a
GREENMAX EMERGENCY R,LCP-C,4,31EHCS-6b,2736 CORRIDOR,,F03,0,,
GREENMAX RELAY,LCP-C,34,27HCS-9b,2736 CORRIDOR,,F03,0,,
GREENMAX INPUT,LCP-C,5,,2737 PANTRY,,,0,,
GREENMAX RELAY,LCP-C,39,27HCS-9,2737 PANTRY,,L01,0,,
RDGSW-4C,,,,2737 PANTRY,,,16,,a
GREENMAX INPUT,LCP-C,6,,2740 PARALEGAL,,,0,,
GREENMAX RELAY,LCP-C,40,27HCS-9,2740 PARALEGAL,,L01,0,,
RDGSW-4C,,,,2740 PARALEGAL,,,17,,a
GREENMAX EMERGENCY R,LCP-C,10,31EHCS-6c,2744 FILE/COPY,,F06,0,,
GREENMAX INPUT,LCP-C,7,,2744 FILE/COPY,,,0,,
GREENMAX RELAY,LCP-C,42,27HCS-9c,2744 FILE/COPY,,F06,0,,
RDGSW-4C,,,,2744 FILE/COPY,,,20,,c
RDGSW-4C,,,,2747 PRINTERS/TOUCHDOWN,,,21,,d
GREENMAX INPUT,RLVP-1,1,,2755 PARALEGAL,,,0,,
GREENMAX RELAY,LCP-C,46,27HCS-7,2755 PARALEGAL,,L01,0,,
RDGSW-4C,,,,2755 PARALEGAL,,,22,,a
GREENMAX INPUT,RLVP-1,2,,2756 PARALEGAL,,,0,,
GREENMAX RELAY,LCP-C,47,27HCS-7,2756 PARALEGAL,,L01,0,,
RDGSW-4C,,,,2756 PARALEGAL,,,23,,a
GREENMAX EMERGENCY R,LCP-C,9,31EHCS-6,2760 ACCOUNTING SUITE,,L01,0,,
GREENMAX INPUT,RLVP-1,6,,2760 ACCOUNTING SUITE,,,0,,
GREENMAX RELAY,LCP-C,48,27HCS-7,2760 ACCOUNTING SUITE,,L01,0,,
RDGSW-4C,,,,2760 ACCOUNTING SUITE,,,24,,a
GREENMAX INPUT,LCP-B,4,,2761 ACCT MANAGER,,,0,,
GREENMAX RELAY,LCP-B,36,27HBS-8,2761 ACCT MANAGER,,L01,0,,
RDGSW-4C,,,,2761 ACCT MANAGER,,,28,,a
GREENMAX INPUT,LCP-B,5,,2761.1 HR,,,0,,
GREENMAX RELAY,LCP-B,38,27HBS-8,2761.1 HR,,L01,0,,
RDGSW-4C,,,,2761.1 HR,,,29,,a
GREENMAX EMERGENCY R,LCP-B,3,31EHBS-4b,2767 CORRIDOR,,F03,0,,
GREENMAX RELAY,LCP-B,39,27HBS-8b,2767 CORRIDOR,,F03,0,,
GREENMAX INPUT,LCP-B,6,,2768 PARALEGAL,,,0,,
GREENMAX RELAY,LCP-B,40,27HBS-8,2768 PARALEGAL,,L01,0,,
RDGSW-4C,,,,2768 PARALEGAL,,,41,,a
GREENMAX RELAY,LCP-B,48,27EHBS-8b,2772 FILES,,F03,0,,
GREENMAX EMERGENCY R,LCP-B,5,31EHBS-4b,2773 FILE/COPY,,F03,0,,
GREENMAX EMERGENCY R,LCP-B,6,31EHBS-4c,2773 FILE/COPY,,F06,0,,
GREENMAX INPUT,LCP-B,9,,2773 FILE/COPY,,,0,,
GREENMAX RELAY,LCP-B,46,27HBS-6c,2773 FILE/COPY,,F06,0,,
RDGSW-4C,,,,2773 FILE/COPY,,,39,,c
RDGSW-4C,,,,2775 PRINTERS/TOUCHDOWN,,,40,,d
GREENMAX RELAY,LCP-B,41,27HBS-6,2786 CONFERENCE,,L05,0,,
GREENMAX RELAY,LCP-B,42,27HBS-6,2786 CONFERENCE,,L01,0,,
GREENMAX RELAY,LCP-B,43,27HBS-6,2786 CONFERENCE,,F08,0,,
GREENMAX INPUT,LCP-B,8,,2786 CONFERENCE ROOM,,,0,,
RDGSW-4C,,,,2786 CONFERENCE ROOM,,,34,,c
RDGSW-4C,,,,2786 CONFERENCE ROOM,,,35,,b
RDGSW-4C,,,,2786 CONFERENCE ROOM,,,36,,a
DRD07-ED0 NORMAL - D,,,,BREAKOUT 2790,,F05,0,,
DRKDN-xCx - 4 Button,,,,BREAKOUT 2790,,,0,,k
DRD07-ED0 NORMAL - D,,,,COMMUNITY PANTRY 2788,,TBD,0,,
DRD07-ED0 NORMAL - D,,,,CONFERENCE 2787,,L01,0,,
DRD07-ED0 NORMAL - D,,,,CONFERENCE 2787,,L05,0,,
DRKDN-xCx - 8 Button,,,,CONFERENCE 2787,,,0,,ab
DRD07-ED0 NORMAL - D,,,,CONFERENCE 2791,,L01,0,,
DRD07-ED0 NORMAL - D,,,,CONFERENCE 2791,,L05,0,,
DRKDN-xCx - 8 Button,,,,CONFERENCE 2791,,,0,,ab
GREENMAX EMERGENCY R,LCP-C,1,31EHCS-6a,CORRIDOR,,L01,0,,
GREENMAX EMERGENCY R,LCP-C,5,31EHCS-6,CORRIDOR,,L01,0,,
GREENMAX INPUT,LCP-A,5,,CORRIDOR,,,0,,
GREENMAX INPUT,LCP-B,2,,CORRIDOR,,,0,,
GREENMAX INPUT,LCP-B,7,,CORRIDOR,,,0,,
GREENMAX INPUT,LCP-C,1,,CORRIDOR,,,0,,
GREENMAX RELAY,LCP-C,30,27HCS-9a,CORRIDOR,,L01,0,,
GREENMAX RELAY,LCP-C,35,27HCS-9,CORRIDOR,,L01,0,,
RDGSW-4C,,,,CORRIDOR,,,8,,a
RDGSW-4C,,,,CORRIDOR,,,13,,a
RDGSW-4C,,,,CORRIDOR,,,18,,a
RDGSW-4C,,,,CORRIDOR,,,37,,a
GREENMAX EMERGENCY R,LCP-B,4,31EHBS-4a,CORRIDORS,,L01,0,,
GREENMAX RELAY,LCP-B,44,27HBS-6,CORRIDORS,,FIXT,0,,
GREENMAX EMERGENCY R,LCP-C,X,CKT,ROOM NAME,,FIXT,0,,
GREENMAX RELAY,LCP-C,X,CKT,ROOM NAME,,FIXT,0,,
GREENMAX EMERGENCY R,LCP-C,11,31EHCS-6b,SECRETARIES,,F03,0,,
GREENMAX RELAY,LCP-A,39,27HAS-2b,SECRETARIES,,F03,0,,
GREENMAX RELAY,LCP-A,40,27HAS-2d,SECRETARIES,,L08,0,,
GREENMAX RELAY,LCP-B,45,27HBS-6b,SECRETARIES,,F03,0,,
GREENMAX RELAY,LCP-B,47,27HBS-6d,SECRETARIES,,L08,0,,
GREENMAX RELAY,LCP-C,41,27HCS-9b,SECRETARIES,,F03,0,,
GREENMAX RELAY,LCP-C,43,27HCS-9b,SECRETARIES,,F03,0,,
GREENMAX RELAY,LCP-C,44,27HCS-9d,SECRETARIES,,L08,0,,
GREENMAX RELAY,LCP-C,45,27HCS-7b,SECRETARIES,,F03,0,,
RDGSW-4C,,,,SECRETARIES,,,7,,b
RDGSW-4C,,,,SECRETARIES,,,19,,b
RDGSW-4C,,,,SECRETARIES,,,38,,b
DRD07-ED0 NORMAL - D,,,,STAIR 2789,,F02.1,0,,
DRD07-ED0 EMERGENCY,,,,WAITING AREA 2709,,L02,0,,
DRD07-ED0 EMERGENCY,,,,WAITING AREA 2709,,F02,0,,
DRD07-ED0 NORMAL - D,,,,WAITING AREA 2709,,L02,0,,
DRD07-ED0 NORMAL - D,,,,WAITING AREA 2709,,F08,0,,
DRD07-ED0 NORMAL - D,,,,WAITING AREA 2709,,F02,0,,
